FIRE_ID,LATITUDE,LONGITUDE,IGN_DATE,SIZE_HA,OBJECTID
122,49.1470,-121.3056,20170521000000,0.300,1
195,49.8141,-121.4566,20170530000000,0.009,2
368,49.3832,-121.3164,20170624000000,0.009,3
369,49.3839,-121.3156,20170624000000,0.009,4
484,49.5760,-121.8105,20170701000000,202.000,5
528,49.4041,-123.3107,20170702000000,0.009,6
555,49.3681,-121.3812,20170703000000,0.009,7
572,49.5981,-121.1439,20170703000000,0.009,8
642,49.9390,-121.4657,20170707000000,0.009,9
965,49.0095,-121.0633,20170710000000,0.009,10
1021,49.3853,-121.3162,20170711000000,0.009,11
1290,49.2789,-121.9074,20170723000000,0.009,12
1364,49.2500,-121.6018,20170724000000,0.009,13
138,50.6515,-123.4271,20170522000000,0.600,14
344,50.2822,-122.8521,20170622000000,0.009,15
390,50.1617,-122.9001,20170625000000,0.009,16
416,50.3807,-122.8877,20170626000000,2.700,17
430,50.6909,-123.4603,20170627000000,0.009,18
454,49.7197,-122.9682,20170629000000,0.009,19
527,50.1166,-122.9354,20170702000000,0.350,20
582,50.3452,-122.6896,20170604000000,0.090,21
586,50.1231,-123.3978,20170704000000,0.009,22
710,50.3173,-122.7041,20170707000000,0.009,23
174,49.9806,-124.7088,20170521000000,0.600,24
160,48.8096,-124.1489,20170525000000,0.009,25
175,48.6121,-123.5248,20170528000000,0.100,26
246,48.4320,-123.2562,20170604000000,0.009,27
342,48.5919,-123.4859,20170622000000,0.009,28
406,48.6904,-124.0486,20170626000000,1.700,29
567,48.4490,-124.0266,20170703000000,0.009,30
580,48.4108,-123.6655,20170704000000,1.200,31
606,48.5835,-123.6135,20170705000000,0.009,32
631,48.5000,-123.8167,20170706000000,0.100,33
638,48.9178,-123.9912,20170707000000,0.009,34
1033,48.3987,-123.5908,20170712000000,0.009,35
1321,48.7980,-123.3982,20170724000000,0.009,36
313,49.1028,-124.0347,20170613000000,0.009,37
336,49.1053,-124.0169,20170621000000,0.009,38
357,49.2381,-124.0831,20170623000000,0.090,39
362,49.2808,-124.8998,20170624000000,0.009,40
367,49.1978,-124.5926,20170624000000,14.900,41
452,49.1929,-124.1337,20170629000000,0.009,42
455,49.2899,-124.6189,20170629000000,0.009,43
458,49.2066,-124.0750,20170630000000,0.009,44
467,49.0986,-124.7919,20170630000000,0.220,45
539,49.1942,-124.0994,20170702000000,0.009,46
803,49.2611,-124.7484,20170708000000,0.009,47
1164,49.1369,-123.9598,20170717000000,0.200,48
1340,49.4006,-124.6670,20170725000000,0.009,49
136,49.6754,-125.0659,20170523000000,0.009,50
169,50.0531,-125.3255,20170527000000,0.300,51
259,49.8203,-125.3164,20170604000000,0.009,52
417,49.9889,-125.3724,20170626000000,1.200,53
448,49.9834,-125.5790,20170628000000,0.009,54
1106,49.6797,-124.8872,20170715000000,0.500,55
1150,49.6517,-125.1630,20170716000000,0.009,56
1255,50.1958,-125.7458,20170721000000,0.009,57
616,50.4651,-127.0636,20170705000000,8.300,58
1187,50.5421,-127.4911,20170719000000,0.300,59
1398,50.3312,-126.5880,20170727000000,0.009,60
330,52.2064,-126.9382,20170618000000,0.009,61
447,51.9416,-127.8557,20170628000000,0.009,62
778,52.3680,-125.7818,20170707000000,2500.000,63
872,52.9613,-125.8611,20170708000000,4.000,64
873,52.9949,-125.8532,20170708000000,0.200,65
58,54.0178,-126.1924,20170427000000,1.600,66
380,59.3306,-123.2059,20170625000000,3.000,264
1405,58.7977,-125.0270,20170728000000,0.007,265
581,52.2785,-120.3370,20170620000000,0.250,266
656,51.4155,-119.5192,20170707000000,0.300,267
668,51.3827,-119.3953,20170707000000,10.000,268
825,51.4364,-118.9987,20170708000000,4.700,269
827,51.4487,-118.9878,20170708000000,0.300,270
828,51.4875,-118.9841,20170708000000,2.000,271
833,51.4719,-118.9811,20170708000000,0.009,272
835,51.4508,-118.9674,20170708000000,0.009,273
843,51.5360,-118.9951,20170708000000,0.600,274
848,51.4797,-119.2862,20170708000000,4.500,275
1144,51.6256,-119.1765,20170716000000,28.000,276
9,50.7968,-121.6136,20170405000000,1.000,277
32,51.3393,-120.1552,20170418000000,0.700,278
142,50.7578,-120.9597,20170523000000,0.350,279
154,51.0994,-119.9674,20170524000000,0.009,280
222,50.7543,-120.6268,20170531000000,0.009,281
233,50.8166,-120.4555,20170602000000,0.009,282
252,50.8680,-120.2339,20170605000000,0.009,283
256,50.7704,-121.1498,20170605000000,0.009,284
322,50.7425,-120.5600,20170616000000,156.000,285
323,51.1750,-120.1786,20170616000000,0.009,286
333,50.9141,-120.2379,20170620000000,0.800,287
339,50.7728,-121.3775,20170621000000,0.330,288
353,50.4816,-120.8181,20170623000000,0.500,289
409,51.0926,-119.9867,20170626000000,0.009,290
460,50.7274,-120.5252,20170630000000,0.200,291
473,51.2742,-120.4578,20170701000000,0.100,292
532,51.5363,-120.2372,20170702000000,0.100,293
538,50.6821,-120.4681,20170703000000,3.000,294
560,50.7363,-120.3698,20170703000000,0.800,295
591,50.4594,-120.7563,20170704000000,0.000,296
609,50.7129,-120.6226,20170705000000,9.200,297
637,50.7014,-121.3001,20170706000000,70387.000,298
666,51.4353,-120.1582,20170707000000,60.000,299
675,51.3971,-120.2542,20170707000000,556.000,300
706,51.4692,-120.1566,20170707000000,3028.000,301
798,51.3870,-119.5329,20170708000000,0.009,302
841,50.7953,-120.1526,20170708000000,0.009,303
945,50.8741,-120.2188,20170709000000,0.100,304
1032,51.5695,-120.2097,20170712000000,15.500,305
1034,50.4765,-120.5705,20170712000000,0.100,306
1073,50.7848,-120.5327,20170713000000,0.009,307
1119,50.7656,-120.5263,20170715000000,0.009,308
1134,51.1158,-120.1408,20170716000000,0.009,309
1200,50.5969,-119.6950,20170719000000,0.009,310
1209,50.5797,-120.2061,20170720000000,0.009,311
1214,50.8552,-121.1497,20170720000000,0.100,312
1217,50.6576,-120.5728,20170720000000,0.009,313
1230,51.1947,-119.5015,20170720000000,0.009,314
1236,50.9600,-119.6997,20170720000000,0.009,315
1269,50.7515,-119.7575,20170722000000,0.009,316
1278,51.3792,-120.4882,20170720000000,0.009,317
1297,50.7529,-121.1478,20170723000000,0.700,318
1300,50.7791,-121.3111,20170723000000,0.009,319
1303,50.9170,-120.8158,20170723000000,0.200,320
1335,51.4473,-120.2847,20170720000000,0.009,321
1343,50.6622,-121.3046,20170725000000,0.009,322
1360,50.8763,-120.0013,20170726000000,1.770,323
1375,50.5440,-119.8504,20170726000000,150.000,324
1432,50.6809,-120.2643,20170729000000,0.100,325
1438,50.4827,-121.3040,20170729000000,0.009,326
270,50.6628,-119.0592,20170606000000,0.009,327
420,50.9365,-119.1022,20170626000000,1.100,328
146,54.1874,-125.4880,20170523000000,0.090,67
196,54.2762,-126.2235,20170530000000,2.500,68
292,54.0519,-125.7182,20170608000000,0.100,69
442,54.0611,-125.3210,20170628000000,5.000,70
615,53.9520,-125.4269,20170705000000,2.500,71
659,53.8686,-125.7735,20170707000000,7.500,72
730,53.6474,-125.0955,20170707000000,0.500,73
781,53.6770,-125.1091,20170707000000,0.009,74
1190,53.8162,-125.8613,20170719000000,0.200,75
1196,53.3878,-125.6074,20170719000000,0.009,76
151,54.4873,-126.4904,20170524000000,0.200,77
211,54.2354,-126.9527,20170530000000,0.070,78
356,54.0342,-126.7233,20170623000000,58.000,79
908,55.2457,-126.1482,20170709000000,0.200,80
937,55.0816,-125.8424,20170709000000,122.000,81
206,54.8059,-127.2469,20170530000000,0.009,82
213,54.8035,-127.2442,20170530000000,0.009,83
219,54.7585,-127.2305,20170530000000,0.009,84
756,54.7658,-126.9697,20170707000000,0.010,85
24,55.5009,-127.7669,20170416000000,16.000,86
25,55.2862,-128.0777,20170417000000,0.600,87
26,55.4225,-127.7088,20170417000000,0.100,88
27,55.3875,-127.6784,20170417000000,21.000,89
30,55.5366,-127.8604,20170418000000,2.200,90
44,55.4160,-127.6527,20170422000000,7.800,91
46,55.2389,-128.0482,20170423000000,8.100,92
47,55.2515,-127.6624,20170423000000,12.000,93
910,56.4965,-129.4604,20170708000000,0.009,94
67,57.6244,-130.0701,20170501000000,0.500,95
109,57.8503,-129.9867,20170515000000,0.009,96
172,57.9241,-131.1093,20170528000000,0.009,97
223,59.3066,-129.2836,20170531000000,0.500,98
980,57.8947,-131.1053,20170710000000,0.009,99
90,53.3012,-122.6894,20170506000000,0.009,100
94,53.3511,-122.6203,20170507000000,23.000,101
120,54.0211,-122.4976,20170521000000,0.009,102
143,54.3062,-122.6243,20170523000000,0.009,103
156,54.0379,-123.2060,20170525000000,0.009,104
218,54.2805,-121.9960,20170530000000,0.009,105
274,53.7762,-123.2972,20170607000000,0.009,106
275,54.2887,-122.5103,20170607000000,0.200,107
277,54.1429,-123.3596,20170607000000,71.000,108
291,54.3943,-121.7265,20170608000000,22.000,109
318,54.0663,-122.4158,20170615000000,0.009,110
358,53.9839,-123.2199,20170623000000,3.000,111
393,53.8187,-121.3586,20170625000000,0.400,112
456,53.9889,-122.8772,20170629000000,0.200,113
486,53.8062,-121.3352,20170701000000,0.009,114
540,53.8688,-123.0919,20170702000000,0.009,115
625,53.4780,-123.0387,20170706000000,40.000,116
673,53.8674,-122.6905,20170707000000,0.009,117
674,53.7278,-121.1567,20170707000000,0.002,118
684,53.9414,-122.9376,20170707000000,0.009,119
687,53.4228,-122.3000,20170707000000,25.000,120
715,53.9558,-122.9057,20170707000000,0.009,121
751,53.8324,-121.4390,20170707000000,1.000,122
758,53.6898,-123.0613,20170707000000,0.009,123
763,53.7198,-123.0563,20170707000000,0.009,124
770,53.6606,-123.1363,20170707000000,4.000,125
776,53.2873,-121.7847,20170707000000,0.500,126
777,53.2447,-122.5258,20170707000000,2.000,127
809,53.9917,-122.8632,20170708000000,0.009,128
810,53.9583,-122.8618,20170708000000,0.009,129
811,54.0401,-122.8841,20170708000000,8.020,130
813,53.5257,-123.2545,20170708000000,0.000,131
819,54.3935,-122.9143,20170708000000,94.000,132
829,53.4238,-123.6680,20170708000000,15.000,133
847,53.7895,-123.0554,20170708000000,10.000,134
864,54.8598,-123.2283,20170708000000,55.000,135
866,53.9945,-122.8824,20170708000000,0.009,136
874,54.4162,-123.0926,20170708000000,1.000,137
877,54.5985,-123.1596,20170708000000,0.330,138
878,54.7072,-123.0900,20170708000000,0.200,139
879,54.8063,-123.3448,20170708000000,12.000,140
881,54.6479,-123.1450,20170708000000,1.100,141
903,54.3225,-122.8296,20170708000000,0.004,142
1016,54.0871,-122.7871,20170711000000,0.002,143
1061,53.4000,-123.1833,20170713000000,0.300,144
1065,54.3304,-121.8531,20170713000000,0.090,145
1079,54.2728,-121.7548,20170714000000,0.009,146
1088,53.8000,-122.3167,20170714000000,0.800,147
1105,53.8805,-122.9904,20170715000000,0.009,148
1108,53.4535,-123.1885,20170715000000,11.000,149
1109,53.9955,-122.8742,20170715000000,0.009,150
1112,54.6390,-123.1448,20170715000000,0.009,151
1188,54.6708,-123.5626,20170719000000,0.700,152
1294,53.7123,-121.1433,20170723000000,0.009,153
1330,53.9299,-123.1766,20170724000000,0.500,154
1378,54.3565,-122.3441,20170727000000,0.009,155
1379,54.3365,-122.3504,20170727000000,0.009,156
1410,53.7889,-122.3067,20170728000000,0.009,157
1446,53.8573,-122.3338,20170730000000,0.100,158
1447,53.4298,-123.3277,20170730000000,0.080,159
8,53.3286,-120.2126,20170405000000,1.000,160
140,52.9759,-119.3403,20170523000000,574.000,161
164,53.0511,-119.5976,20170526000000,0.009,162
221,53.2292,-120.0220,20170530000000,0.009,163
255,53.0260,-119.2626,20170605000000,0.009,164
260,52.9226,-119.3815,20170605000000,0.009,165
401,53.0966,-119.8138,20170626000000,0.200,166
411,53.2467,-120.1612,20170626000000,0.009,167
646,53.5019,-120.6111,20170707000000,0.009,168
854,53.5675,-120.2317,20170708000000,0.009,169
855,53.5582,-120.2740,20170708000000,0.009,170
859,53.5409,-120.3700,20170708000000,0.009,171
890,52.0351,-119.3423,20170708000000,0.670,172
1096,53.4259,-120.3276,20170714000000,0.500,173
1097,52.3137,-118.3705,20170714000000,2100.000,174
1115,53.0147,-119.0777,20170715000000,0.009,175
1128,52.7850,-119.1743,20170716000000,0.009,176
1152,52.4343,-119.2505,20170717000000,0.100,177
49,54.2843,-124.2657,20170424000000,0.800,178
63,53.9441,-123.8795,20170428000000,0.009,179
155,54.0513,-124.7451,20170525000000,0.500,180
444,54.0783,-124.9947,20170628000000,0.009,181
654,53.4337,-124.4355,20170707000000,0.009,182
664,53.2634,-124.7088,20170707000000,1271.000,183
677,54.0260,-124.6100,20170707000000,0.040,184
679,53.2716,-124.7146,20170707000000,2.000,185
688,54.1569,-124.4214,20170707000000,3.400,186
691,54.1641,-124.5565,20170707000000,1590.000,187
702,53.3612,-124.5543,20170707000000,1.500,188
709,53.5001,-125.1123,20170707000000,2111.000,189
768,54.0429,-124.6246,20170707000000,0.002,190
801,53.6092,-123.6682,20170708000000,250.000,191
826,53.3982,-124.9045,20170708000000,2355.000,192
837,53.4902,-124.5114,20170708000000,2062.000,193
861,53.6864,-124.8234,20170708000000,0.600,194
869,53.4133,-124.9208,20170708000000,1.000,195
911,53.9767,-124.9054,20170709000000,2.300,196
923,54.1075,-124.5070,20170709000000,0.000,197
927,53.9065,-123.9916,20170709000000,0.000,198
930,53.6681,-124.3414,20170709000000,0.009,199
939,53.7067,-124.3701,20170709000000,0.400,200
942,53.9263,-124.6418,20170709000000,0.250,201
960,53.5747,-123.7742,20170710000000,2.500,202
977,53.7669,-124.8429,20170710000000,0.009,203
1007,53.9821,-124.5361,20170710000000,0.009,204
1036,53.3625,-124.5497,20170712000000,0.009,205
1040,53.8629,-124.1925,20170712000000,0.009,206
1048,53.8070,-123.9998,20170712000000,0.009,207
1376,54.0285,-124.3929,20170726000000,0.009,208
1389,54.0889,-124.3657,20170727000000,0.020,209
1436,53.9865,-125.0238,20170729000000,0.009,210
1452,54.0888,-124.5291,20170730000000,0.100,211
52,54.5775,-124.5605,20170425000000,0.800,212
402,54.2095,-123.8051,20170626000000,3.700,213
619,54.6416,-124.9958,20170706000000,0.500,214
657,55.1333,-125.7791,20170707000000,0.009,215
663,55.1355,-125.7917,20170707000000,0.100,216
790,54.3040,-124.4378,20170707000000,0.100,217
795,55.6929,-126.1639,20170707000000,7.000,218
834,55.2206,-126.0356,20170708000000,4.000,219
839,55.5942,-126.0206,20170708000000,40.000,220
904,55.1750,-124.9345,20170708000000,6.500,221
610,55.5295,-123.6453,20170705000000,11.000,222
759,55.6981,-123.5438,20170707000000,0.200,223
846,56.5363,-124.6190,20170708000000,0.700,224
858,55.2503,-123.2702,20170708000000,0.009,225
895,56.1722,-125.2887,20170708000000,0.009,226
949,56.5328,-124.3946,20170709000000,0.400,227
1357,55.3235,-123.9398,20170726000000,0.400,228
57,55.7177,-121.2106,20170427000000,6.000,229
78,55.7203,-120.5427,20170504000000,0.009,230
81,55.6548,-120.5602,20170505000000,0.009,231
97,55.7220,-121.2255,20170508000000,0.200,232
129,55.5546,-122.4457,20170522000000,0.009,233
250,55.6995,-121.5986,20170604000000,0.009,234
376,55.6980,-121.6048,20170625000000,0.009,235
748,55.7006,-121.1446,20170707000000,0.009,236
1377,55.7863,-121.5961,20170726000000,0.009,237
1408,55.7679,-121.5112,20170728000000,0.009,238
64,56.2145,-121.4275,20170429000000,3.200,239
92,56.3052,-121.1622,20170507000000,6.200,240
95,56.7500,-121.7044,20170507000000,4.100,241
176,56.9532,-122.0781,20170527000000,1.500,242
238,56.7520,-121.2757,20170603000000,0.009,243
239,56.5658,-120.8665,20170603000000,0.009,244
355,57.3910,-120.0188,20170623000000,0.001,245
389,56.8560,-121.3485,20170625000000,0.250,246
112,58.5935,-120.3565,20170518000000,1.800,247
192,58.5254,-122.9015,20170529000000,0.009,248
194,58.6517,-122.8544,20170529000000,0.009,249
197,57.8461,-122.6750,20170530000000,0.100,250
198,58.4114,-121.6927,20170530000000,0.900,251
199,58.3896,-121.8424,20170530000000,0.050,252
200,59.4974,-123.1785,20170520000000,0.009,253
201,59.2989,-123.1419,20170530000000,5.620,254
202,59.2485,-122.4978,20170530000000,3.000,255
204,58.6173,-122.9802,20170530000000,0.500,256
205,58.3930,-121.8510,20170530000000,0.020,257
207,58.4593,-122.1907,20170530000000,5.500,258
208,59.2048,-122.5297,20170530000000,13.600,259
209,59.2185,-122.5764,20170530000000,5.630,260
210,59.2892,-122.5003,20170530000000,22.700,261
212,59.1964,-122.5276,20170530000000,0.009,262
268,58.7260,-122.8527,20170606000000,1.700,263
996,50.6432,-117.4493,20170710000000,0.009,526
997,50.6318,-117.4484,20170710000000,0.009,527
998,50.6666,-117.3697,20170710000000,0.004,528
1011,49.6984,-117.9091,20170711000000,0.009,529
1027,49.3580,-118.0740,20170712000000,0.010,530
1038,49.5119,-118.2125,20170712000000,0.003,531
1042,50.1311,-118.1499,20170712000000,20.000,532
1055,49.4961,-118.1743,20170713000000,0.140,533
1060,49.3776,-117.7121,20170713000000,0.025,534
1064,49.7650,-118.2114,20170713000000,0.060,535
1070,49.2452,-117.6113,20170713000000,0.200,536
1071,49.6787,-117.7011,20170713000000,0.009,537
1075,50.6369,-117.7915,20170713000000,0.300,538
1080,49.7773,-117.7594,20170714000000,9.000,539
1083,49.4396,-118.1672,20170714000000,0.200,540
1086,49.1354,-117.7768,20170714000000,0.060,541
1104,50.7042,-117.7604,20170715000000,0.009,542
1113,49.7202,-117.9303,20170715000000,0.600,543
1117,50.6581,-117.5884,20170715000000,0.010,544
1121,50.6811,-117.7282,20170715000000,0.010,545
1127,50.3107,-118.0916,20170716000000,0.200,546
1218,49.5188,-118.0238,20170720000000,10.000,547
1220,50.7892,-117.7955,20170720000000,0.003,548
1222,49.2358,-118.0600,20170720000000,0.003,549
1224,49.7183,-118.0948,20170720000000,0.010,550
1228,49.7494,-118.1879,20170720000000,0.090,551
1232,50.2032,-118.0958,20170720000000,0.100,552
1240,50.1155,-117.6924,20170720000000,0.270,553
1246,50.6232,-117.5499,20170720000000,0.009,554
1250,50.5616,-117.4258,20170720000000,0.020,555
1257,49.8102,-117.4622,20170721000000,0.040,556
1258,50.5761,-117.6862,20170721000000,0.009,557
1265,51.0806,-117.5768,20170721000000,0.600,558
1276,50.1205,-117.5468,20170722000000,0.010,559
1289,50.7186,-117.8441,20170723000000,0.040,560
1305,50.0371,-117.7712,20170723000000,0.400,561
1317,50.5581,-117.8530,20170723000000,0.030,562
1331,50.0104,-118.2407,20170724000000,0.068,563
1352,50.7647,-117.7231,20170725000000,0.009,564
1370,49.9999,-117.6437,20170726000000,0.300,565
1374,50.0515,-117.7058,20170726000000,0.010,566
1428,49.3518,-118.1851,20170729000000,0.194,567
425,49.2519,-118.9040,20170627000000,0.009,568
573,49.2346,-119.1010,20170703000000,0.400,569
605,49.6624,-118.7932,20170705000000,0.800,570
612,49.6652,-118.7913,20170705000000,0.002,571
634,49.2617,-118.9272,20170706000000,0.009,572
989,49.7739,-118.3040,20170710000000,0.002,573
1030,49.2534,-119.0044,20170712000000,1.000,574
1229,49.3471,-118.5132,20170720000000,0.040,575
1324,49.3195,-118.8774,20170724000000,0.900,576
1394,49.0301,-119.1716,20170728000000,0.100,577
186,49.1705,-116.5328,20170528000000,0.750,578
394,49.6699,-116.9739,20170626000000,0.080,579
396,49.5451,-116.8612,20170626000000,0.009,580
423,50.5509,-117.3669,20170627000000,0.625,581
607,49.1382,-116.5354,20170705000000,0.600,582
961,49.2929,-116.6554,20170710000000,0.009,583
992,49.6459,-117.2548,20170710000000,0.040,584
999,50.4172,-117.1521,20170710000000,0.014,585
1000,50.3717,-116.7139,20170710000000,70.000,586
1001,50.2199,-116.9971,20170710000000,0.005,587
1039,49.1217,-115.9226,20170712000000,0.009,588
1051,49.6330,-117.1505,20170713000000,0.100,589
1077,49.1034,-116.9578,20170713000000,0.009,590
1078,50.1254,-116.7983,20170714000000,149.000,591
1093,49.9276,-117.0820,20170714000000,1.100,592
565,50.8031,-119.6948,20170703000000,0.009,329
824,51.4269,-119.0096,20170708000000,1.500,330
954,50.6702,-119.2483,20170709000000,0.009,331
955,51.5577,-118.8776,20170709000000,1.500,332
956,51.5979,-118.9447,20170707000000,0.009,333
957,51.6065,-118.9478,20170709000000,1.500,334
958,51.6160,-118.9413,20170709000000,6.000,335
959,51.5985,-118.9117,20170709000000,0.800,336
1176,51.1148,-118.9506,20170718000000,0.300,337
1207,50.6575,-118.7973,20170720000000,0.900,338
1208,50.8508,-118.4996,20170719000000,1.500,339
1233,51.0712,-118.9796,20170720000000,0.009,340
1239,50.9872,-119.1291,20170720000000,8.000,341
1244,50.6029,-118.8458,20170720000000,0.009,342
1261,51.2307,-118.8360,20170721000000,0.200,343
1263,51.0176,-119.2079,20170720000000,0.009,344
1272,51.1865,-118.8434,20170722000000,0.009,345
1280,51.2366,-118.6861,20170716000000,0.009,346
1288,50.9429,-119.1125,20170723000000,0.009,347
1299,50.8432,-118.4971,20170719000000,0.009,348
1337,51.1635,-118.7462,20170725000000,0.009,349
1387,50.7532,-119.5963,20170727000000,0.800,350
1399,51.3864,-118.7389,20170728000000,0.200,351
1421,51.1793,-118.9355,20170729000000,0.009,352
145,50.2926,-118.9830,20170523000000,4.700,353
147,50.2187,-119.1944,20170523000000,1.000,354
278,50.4300,-119.6194,20170606000000,0.100,355
345,50.1901,-119.3329,20170622000000,0.009,356
386,49.9936,-119.3315,20170625000000,0.009,357
398,50.0592,-119.2224,20170625000000,0.009,358
849,50.1112,-119.3159,20170708000000,0.400,359
867,50.4212,-119.6813,20170708000000,0.600,360
868,50.4305,-119.6804,20170708000000,0.009,361
871,50.4472,-119.6615,20170708000000,0.009,362
1004,50.0332,-119.3451,20170711000000,0.009,363
1118,50.0233,-119.4363,20170715000000,55.000,364
1295,50.4997,-119.6893,20170723000000,0.100,365
1296,50.5107,-119.7084,20170723000000,0.010,366
1309,50.3882,-118.7738,20170723000000,0.009,367
86,49.5062,-119.5148,20170506000000,0.009,368
119,49.0224,-119.5066,20170520000000,0.009,369
135,50.0115,-119.3986,20170523000000,0.009,370
171,49.4176,-119.8238,20170527000000,0.009,371
314,49.9478,-119.5005,20170613000000,2.000,372
359,49.6835,-119.7247,20170623000000,0.009,373
364,49.7161,-119.8026,20170624000000,0.530,374
392,49.4157,-119.5727,20170625000000,0.630,375
434,49.1914,-119.7255,20170627000000,116.000,376
588,49.3777,-119.5803,20170704000000,6.500,377
630,49.1839,-119.7853,20170706000000,1.200,378
1017,49.7191,-119.7614,20170711000000,0.009,379
1123,49.7702,-119.9695,20170715000000,0.009,380
1146,49.8759,-119.7052,20170716000000,0.009,381
1197,50.1398,-119.7901,20170719000000,1.000,382
1211,49.5078,-119.6356,20170720000000,0.500,383
1316,49.5817,-119.7735,20170724000000,0.300,384
1327,50.1141,-119.8249,20170724000000,0.190,385
1406,48.8531,-120.3986,20170728000000,0.009,386
1418,49.5567,-119.5665,20170729000000,0.200,387
1448,49.9061,-119.4790,20170730000000,0.700,388
45,50.1488,-120.8770,20170422000000,0.600,389
227,49.9379,-120.7222,20170530000000,0.009,390
384,50.2946,-120.3096,20170625000000,0.009,391
429,49.8000,-120.7850,20170627000000,0.100,392
457,50.1343,-121.0182,20170629000000,0.100,393
599,49.3931,-120.4935,20170704000000,0.009,394
643,49.5722,-120.5787,20170707000000,3300.000,395
669,49.6602,-121.0171,20170707000000,0.200,396
852,49.5652,-120.1427,20170708000000,1.000,397
865,50.1033,-121.0434,20170708000000,0.009,398
907,50.0195,-120.8140,20170708000000,0.600,399
913,50.0698,-120.6487,20170709000000,0.009,400
953,49.3395,-120.0551,20170709000000,2.100,401
1062,49.5699,-120.1379,20170713000000,0.009,402
1417,49.8974,-120.9132,20170729000000,0.100,403
1,50.2925,-121.6444,20170401000000,8.700,404
21,50.2691,-121.5977,20170411000000,0.300,405
22,50.2699,-121.5989,20170414000000,0.070,406
111,50.2818,-121.6161,20170518000000,0.100,407
149,50.1065,-121.5541,20170523000000,0.009,408
181,50.5961,-121.7907,20170528000000,30.000,409
188,50.2565,-121.4093,20170528000000,6.000,410
348,50.2269,-121.5804,20170623000000,0.200,411
350,50.8405,-121.8623,20170623000000,0.100,412
450,50.1218,-121.7403,20170628000000,0.050,413
469,50.6711,-121.9582,20170630000000,0.009,414
1205,50.6880,-121.9373,20170720000000,1.000,415
1366,50.3363,-121.3969,20170726000000,20.000,416
106,49.7974,-115.7767,20170513000000,0.300,417
117,49.8165,-115.6314,20170520000000,0.009,418
244,49.6846,-115.6387,20170604000000,0.002,419
304,49.6284,-115.7425,20170610000000,1.000,420
382,49.7106,-115.1804,20170625000000,34.140,421
431,49.7674,-115.8322,20170627000000,0.100,422
433,49.8219,-115.7593,20170627000000,0.045,423
446,49.5546,-115.9558,20170628000000,0.250,424
477,50.0834,-114.9196,20170701000000,0.009,425
485,49.9898,-114.9685,20170701000000,0.010,426
496,49.6466,-115.8893,20170701000000,0.010,427
505,49.9864,-114.9321,20170702000000,0.009,428
508,49.6012,-115.7493,20170702000000,4.100,429
534,49.0797,-115.2295,20170702000000,0.200,430
802,49.3112,-115.3552,20170708000000,0.009,431
914,49.4894,-115.8501,20170709000000,0.062,432
1009,49.8115,-115.9452,20170711000000,0.040,433
1057,49.3230,-116.0675,20170713000000,0.800,434
1069,49.3013,-115.3940,20170713000000,0.030,435
1098,49.6032,-115.8558,20170714000000,0.009,436
1163,49.5536,-115.5381,20170717000000,0.300,437
1189,49.3257,-114.6246,20170719000000,10.500,438
1342,49.2052,-115.2535,20170725000000,0.009,439
1347,49.0326,-115.5429,20170725000000,39.000,440
1416,49.2263,-115.9082,20170729000000,0.010,441
110,49.9360,-115.7480,20170516000000,0.009,442
118,50.5351,-116.1018,20170520000000,0.300,443
162,50.1260,-115.8150,20170526000000,0.020,444
235,50.1716,-115.8835,20170602000000,0.830,445
240,50.1396,-115.9649,20170603000000,0.200,446
297,50.1284,-115.8876,20170608000000,0.009,447
436,50.7212,-116.0519,20170627000000,0.010,448
437,50.3510,-115.5906,20170627000000,0.009,449
470,50.1039,-115.7947,20170701000000,0.010,450
506,50.7341,-116.1674,20170702000000,0.010,451
514,50.2717,-115.6560,20170702000000,0.020,452
520,50.1501,-115.6781,20170702000000,0.010,453
576,50.2029,-115.7205,20170703000000,0.009,454
583,50.4087,-115.6597,20170704000000,0.130,455
587,50.1530,-115.6637,20170704000000,4.400,456
628,50.4752,-115.6479,20170706000000,0.700,457
972,50.7118,-116.0327,20170710000000,0.009,458
976,50.9287,-116.6728,20170710000000,0.020,459
982,49.9560,-115.9427,20170710000000,0.009,460
1013,50.2341,-115.9066,20170711000000,0.009,461
1028,50.2503,-115.6667,20170712000000,0.100,462
1029,49.9723,-115.7469,20170712000000,1.000,463
1135,50.5305,-116.1481,20170716000000,0.020,464
1173,50.9893,-115.8298,20170715000000,4833.000,465
1215,51.1097,-116.8225,20170720000000,0.009,466
1227,51.1421,-116.9974,20170720000000,1.100,467
1235,50.8073,-116.1896,20170720000000,0.009,468
1322,50.1187,-115.8121,20170724000000,0.009,469
1341,50.1207,-115.6892,20170725000000,0.010,470
1349,50.1685,-115.2449,20170725000000,2.900,471
1350,50.2274,-115.4489,20170725000000,0.160,472
1371,50.1251,-115.4399,20170726000000,0.010,473
1402,50.2993,-115.7263,20170728000000,0.800,474
1420,50.3195,-115.2307,20170729000000,280.000,475
1451,50.0209,-115.7533,20170730000000,150.000,476
31,51.3226,-117.0155,20170417000000,0.009,477
190,51.0294,-118.2577,20170529000000,0.150,478
324,50.9072,-118.2008,20170616000000,0.020,479
403,51.8181,-118.6872,20170626000000,0.150,480
440,51.1618,-116.7924,20170627000000,0.045,481
963,51.4679,-117.5258,20170710000000,0.040,482
969,51.7268,-117.7167,20170710000000,0.100,483
1103,51.7811,-117.4578,20170715000000,0.010,484
1114,51.8334,-117.8293,20170715000000,0.009,485
1124,51.2459,-116.7512,20170715000000,0.020,486
1132,51.6314,-116.7093,20170716000000,1.600,487
1136,51.8177,-118.5814,20170716000000,2.100,488
1141,51.8062,-118.6445,20170716000000,0.100,489
1172,51.4466,-117.5542,20170710000000,1189.000,490
1193,51.4636,-118.1469,20170719000000,0.015,491
1210,51.2644,-116.6880,20170720000000,0.020,492
1221,51.8873,-117.9421,20170720000000,1.500,493
1226,51.6296,-118.1946,20170720000000,0.700,494
1237,50.9514,-118.2737,20170720000000,0.009,495
1242,51.0931,-118.2712,20170720000000,0.009,496
1252,51.8201,-117.3792,20170721000000,0.020,497
1311,51.3850,-116.9968,20170723000000,0.009,498
1314,51.0496,-118.2130,20170723000000,0.020,499
1318,51.3483,-118.4070,20170724000000,0.010,500
1328,51.5850,-118.6222,20170724000000,0.005,501
1369,51.4548,-117.9753,20170726000000,168.000,502
173,49.5969,-117.5265,20170527000000,2.400,503
294,49.2665,-117.9667,20170608000000,1.640,504
340,49.9210,-117.4093,20170621000000,0.001,505
399,50.1453,-117.8644,20170626000000,0.100,506
415,50.2642,-117.7226,20170626000000,0.400,507
419,50.0129,-117.3382,20170626000000,4.000,508
426,50.1225,-117.7329,20170627000000,0.004,509
435,49.8860,-117.8317,20170627000000,25.000,510
488,50.0278,-117.5051,20170701000000,0.005,511
497,49.1094,-117.7033,20170702000000,0.076,512
522,49.1428,-117.2017,20170702000000,0.500,513
533,49.9187,-117.3573,20170702000000,0.400,514
620,49.3635,-117.9333,20170706000000,0.010,515
789,49.7908,-117.7873,20170707000000,1.070,516
968,49.9705,-117.8186,20170710000000,0.200,517
971,49.0075,-117.5996,20170710000000,2.000,518
975,49.9854,-117.7355,20170710000000,0.009,519
979,50.3130,-117.8313,20170710000000,0.200,520
981,50.3400,-117.8284,20170710000000,0.250,521
984,50.3081,-117.8314,20170710000000,0.010,522
985,50.3255,-117.7991,20170710000000,0.010,523
990,49.7067,-118.0697,20170710000000,0.010,524
995,50.6187,-117.5604,20170710000000,0.020,525
43,51.9897,-123.1615,20170421000000,8.000,784
60,51.9487,-123.1342,20170428000000,0.400,785
65,52.0768,-123.2633,20170430000000,0.000,786
68,52.0300,-123.1867,20170501000000,0.400,787
74,51.9389,-123.1428,20170503000000,0.600,788
114,51.4209,-124.0943,20170519000000,0.140,789
228,52.3298,-125.1545,20170531000000,0.009,790
254,52.0250,-123.1533,20170605000000,2.000,791
366,52.1128,-124.0629,20170624000000,0.100,792
373,51.9409,-124.9208,20170625000000,3.300,793
579,52.0122,-123.1659,20170704000000,0.009,794
647,51.9440,-123.1686,20170707000000,134446.800,795
649,52.4854,-123.0833,20170707000000,0.009,796
660,51.9568,-125.0382,20170707000000,3.000,797
689,52.0415,-123.0463,20170707000000,0.600,798
690,52.0045,-123.0673,20170707000000,2.000,799
692,52.0400,-123.1011,20170707000000,1.000,800
742,51.9582,-125.0153,20170707000000,0.009,801
744,51.9608,-125.0160,20170707000000,5318.200,802
745,51.9870,-125.0915,20170707000000,0.009,803
746,52.0433,-124.9460,20170707000000,0.009,804
762,52.3324,-124.0474,20170707000000,0.009,805
782,52.4450,-124.0565,20170707000000,303.600,806
783,52.4587,-123.9525,20170707000000,3.000,807
785,52.4977,-123.1268,20170707000000,0.009,808
786,52.4729,-123.3449,20170707000000,10574.800,809
796,51.9608,-125.0988,20170708000000,50.000,810
797,51.9582,-125.0153,20170708000000,5.000,811
804,51.9870,-125.0915,20170708000000,0.009,812
805,52.0433,-124.9460,20170708000000,0.009,813
807,52.0367,-123.0228,20170708000000,0.000,814
838,52.0243,-125.0668,20170708000000,0.009,815
875,52.1901,-124.9830,20170708000000,0.100,816
918,52.3973,-124.7241,20170709000000,92.300,817
934,51.8070,-125.1648,20170709000000,3430.800,818
952,52.3979,-124.0268,20170709000000,10945.500,819
1047,52.1578,-123.0230,20170712000000,2.500,820
1171,52.5083,-124.3867,20170718000000,605.400,821
1273,52.4155,-125.4911,20170722000000,0.009,822
1274,52.6791,-124.0826,20170722000000,2485.800,823
1334,52.1425,-125.0474,20170725000000,0.009,824
1094,50.4260,-116.9068,20170714000000,0.200,593
1142,49.1654,-116.4245,20170716000000,0.015,594
1148,49.4114,-117.4073,20170716000000,0.010,595
1191,49.2419,-116.2968,20170719000000,3.600,596
1223,50.5576,-117.0427,20170720000000,0.250,597
1260,50.5864,-117.3866,20170721000000,0.009,598
1291,49.2585,-116.3687,20170719000000,0.020,599
1298,49.2110,-116.2451,20170723000000,1.140,600
1320,50.4227,-117.2008,20170724000000,34.000,601
1329,49.5071,-116.7822,20170724000000,1.500,602
1354,50.4621,-117.1504,20170725000000,0.150,603
1373,49.4852,-117.4255,20170726000000,0.100,604
1382,49.5290,-117.0287,20170727000000,80.000,605
1390,50.3194,-117.1153,20170727000000,0.100,606
1392,50.6049,-117.2274,20170727000000,20.000,607
1395,49.8586,-117.1279,20170727000000,1.600,608
1426,50.5110,-117.2033,20170729000000,0.024,609
1445,49.9285,-116.6674,20170730000000,0.500,610
50,52.6167,-122.4574,20170424000000,0.009,611
93,52.5641,-122.5001,20170507000000,1.100,612
116,52.5078,-122.4561,20170520000000,0.600,613
230,53.0266,-122.3099,20170530000000,0.009,614
231,52.9316,-122.5065,20170601000000,0.009,615
248,53.1680,-123.0337,20170604000000,132.200,616
306,53.3221,-124.0178,20170611000000,0.400,617
309,52.4714,-122.4336,20170611000000,0.009,618
418,52.9440,-120.8895,20170626000000,1.000,619
422,52.9543,-120.8400,20170626000000,0.200,620
424,53.2182,-123.5115,20170627000000,0.009,621
598,52.9928,-124.7283,20170704000000,0.009,622
650,52.8911,-122.2747,20170707000000,0.000,623
658,52.9212,-122.2789,20170707000000,0.009,624
682,52.6694,-122.4601,20170707000000,0.000,625
683,52.8671,-122.3718,20170707000000,553.800,626
695,52.6930,-122.5015,20170707000000,0.0,627
696,52.6802,-122.4877,20170707000000,0.000,628
697,52.6670,-122.4847,20170707000000,0.0,629
699,52.7297,-122.3572,20170707000000,0.000,630
701,52.6928,-122.5081,20170707000000,127.200,631
705,52.7288,-122.3569,20170707000000,0.060,632
739,52.4281,-122.5323,20170707000000,0.000,633
740,52.4804,-122.5869,20170707000000,5875.200,634
741,52.6663,-122.4827,20170707000000,100.000,635
743,52.6909,-122.5051,20170707000000,0.0,636
764,52.9342,-121.8674,20170707000000,95.000,637
765,52.9433,-121.8744,20170707000000,0.000,638
784,52.5034,-123.0847,20170707000000,52121.000,639
812,52.9840,-124.1431,20170708000000,23163.000,640
822,53.1212,-120.8496,20170708000000,587.000,641
830,53.0288,-124.3692,20170708000000,2525.500,642
831,53.0458,-124.3812,20170708000000,431.000,643
832,52.8851,-123.5254,20170708000000,0.500,644
888,52.6311,-122.4517,20170708000000,0.009,645
909,52.7942,-122.3020,20170709000000,0.000,646
919,52.7889,-121.6473,20170709000000,4.200,647
921,52.4323,-122.5596,20170709000000,3286.600,648
966,53.1790,-123.9645,20170710000000,259.900,649
967,53.1587,-124.0596,20170710000000,38.500,650
970,53.2276,-124.0378,20170710000000,2693.000,651
1010,52.8918,-124.0379,20170711000000,788.600,652
1014,52.8108,-124.0220,20170711000000,9055.300,653
1053,52.6502,-123.3388,20170713000000,1386.000,654
1054,52.6474,-123.3575,20170713000000,9.800,655
1058,53.3226,-124.0683,20170713000000,144.400,656
1081,53.1452,-120.8211,20170714000000,226.390,657
1085,53.1563,-122.3293,20170707000000,0.015,658
1089,52.6467,-123.3521,20170714000000,7.500,659
1138,52.5702,-122.5755,20170716000000,0.050,660
1139,52.9840,-122.3055,20170716000000,0.009,661
1159,53.0887,-124.1874,20170717000000,0.000,662
1198,52.7507,-124.6947,20170719000000,1.800,663
1361,52.7821,-124.1490,20170726000000,505.700,664
1362,52.7683,-124.1268,20170726000000,236.700,665
1386,52.9982,-122.4704,20170727000000,0.009,666
1433,53.1369,-123.4186,20170729000000,0.300,667
1449,52.9971,-122.3974,20170730000000,0.009,668
10,51.5273,-122.2801,20170405000000,0.009,669
13,51.9315,-122.9369,20170409000000,0.300,670
84,52.0184,-122.1589,20170505000000,0.009,671
87,52.2148,-122.0689,20170505000000,0.009,672
89,51.5345,-122.2744,20170505000000,0.100,673
105,52.0477,-122.2132,20170512000000,0.009,674
150,51.7224,-123.0211,20170523000000,0.130,675
226,51.5614,-122.3315,20170531000000,3.400,676
247,52.1917,-121.9948,20170604000000,2.000,677
308,52.1439,-122.1861,20170612000000,0.009,678
327,51.8632,-121.8783,20170617000000,0.009,679
338,52.1871,-121.9566,20170301000000,0.009,680
343,52.2715,-122.1165,20170621000000,0.009,681
347,52.0523,-122.0796,20170622000000,0.100,682
352,51.7428,-122.0000,20170623000000,25.900,683
388,51.9389,-121.8182,20170625000000,0.009,684
414,52.0217,-122.8912,20170626000000,41.800,685
464,52.0668,-121.9184,20170630000000,0.900,686
627,51.8250,-122.1076,20170706000000,0.900,687
645,52.1764,-121.8334,20170707000000,3730.600,688
648,52.2870,-121.9365,20170707000000,0.009,689
651,52.3517,-121.9732,20170707000000,0.009,690
685,52.3090,-122.2280,20170707000000,0.009,691
704,52.2757,-122.5458,20170707000000,0.090,692
708,52.1332,-122.0040,20170707000000,4121.700,693
713,52.1272,-122.0221,20170707000000,30.000,694
716,51.9793,-122.8121,20170707000000,7000.000,695
719,52.1979,-122.0202,20170707000000,0.000,696
720,52.2141,-122.0167,20170707000000,0.000,697
723,52.2178,-122.0404,20170707000000,2.100,698
724,52.2244,-122.0676,20170707000000,0.000,699
725,52.2421,-122.0841,20170707000000,2.100,700
726,52.2522,-122.0895,20170707000000,4.100,701
727,51.9972,-122.7288,20170707000000,150.000,702
728,52.2616,-122.0713,20170707000000,603.500,703
729,52.2086,-122.0553,20170707000000,12987.000,704
731,52.2712,-122.0725,20170707000000,0.000,705
732,52.2827,-122.0664,20170707000000,10.000,706
733,52.2938,-122.0149,20170707000000,0.000,707
734,52.2329,-122.0117,20170707000000,0.000,708
735,52.2280,-122.3404,20170707000000,12910.400,709
737,52.2418,-122.3969,20170707000000,4.100,710
738,52.3013,-122.2254,20170707000000,251.000,711
752,52.0581,-122.8154,20170707000000,2583.700,712
754,52.0264,-122.7763,20170707000000,4.000,713
757,52.0318,-122.7801,20170707000000,227.100,714
894,52.3488,-121.9707,20170708000000,13.800,715
898,52.4753,-121.8783,20170708000000,0.009,716
900,52.4702,-121.8744,20170708000000,0.100,717
901,52.4638,-121.8700,20170708000000,0.000,718
902,52.4334,-121.8375,20170708000000,4.200,719
905,52.4144,-121.8031,20170708000000,0.100,720
906,52.4075,-121.7870,20170708000000,45.000,721
1046,52.2859,-122.0646,20170712000000,30.200,722
1247,51.8571,-122.1467,20170721000000,0.100,723
1268,51.5290,-122.1579,20170721000000,2.000,724
1279,51.6899,-122.1325,20170722000000,0.030,725
481,52.7514,-120.8183,20170701000000,0.009,726
712,52.5887,-122.1155,20170707000000,0.0,727
761,52.5887,-122.1155,20170707000000,0.100,728
766,52.6892,-122.1357,20170707000000,0.009,729
870,52.4501,-121.7606,20170708000000,220.000,730
884,52.4511,-121.8112,20170708000000,38.800,731
885,52.4456,-121.7719,20170708000000,39.200,732
886,52.4410,-121.7644,20170708000000,69.600,733
887,52.4801,-121.7583,20170708000000,160.000,734
889,52.4978,-121.7972,20170708000000,0.009,735
891,52.5270,-121.7810,20170708000000,5.000,736
892,52.5243,-121.7586,20170708000000,108.900,737
896,52.5507,-121.8073,20170708000000,0.0,738
897,52.5114,-121.7313,20170708000000,32.500,739
1005,52.4050,-121.5461,20170711000000,196.500,740
1008,52.6125,-121.3395,20170711000000,1.500,741
1063,52.4489,-121.5408,20170713000000,0.009,742
1072,52.8572,-121.5633,20170713000000,60.000,743
1074,52.4980,-121.8338,20170713000000,0.400,744
1143,52.5833,-121.0500,20170716000000,0.009,745
1154,52.6151,-121.1894,20170717000000,150.900,746
1155,52.5972,-121.0609,20170717000000,0.300,747
1156,52.6002,-121.0390,20170717000000,4.000,748
1161,52.8067,-121.0575,20170717000000,326.100,749
1168,52.6106,-121.1898,20170718000000,100.000,750
1169,52.6117,-121.1722,20170718000000,190.900,751
1241,52.5035,-121.8114,20170720000000,0.009,752
1306,52.7988,-120.7082,20170723000000,0.400,753
1348,52.5668,-121.2063,20170725000000,0.800,754
1425,52.1589,-121.6256,20170729000000,2.000,755
115,51.2599,-121.9890,20170520000000,0.009,756
189,51.5046,-120.7130,20170529000000,0.000,757
302,51.2051,-121.5358,20170609000000,0.009,758
329,51.7574,-121.8364,20170618000000,12.700,759
334,51.7955,-121.6208,20170616000000,0.009,760
341,51.4816,-122.1174,20170620000000,0.009,761
349,51.8518,-121.3477,20170618000000,0.009,762
365,51.7854,-121.5053,20170623000000,0.009,763
465,51.9055,-121.7334,20170630000000,0.000,764
523,51.3762,-121.0541,20170702000000,0.200,765
584,51.5101,-120.7295,20170704000000,0.009,766
602,51.3729,-121.7091,20170705000000,0.009,767
621,51.6541,-121.3987,20170706000000,5710.800,768
1212,51.4814,-120.4504,20170720000000,0.040,769
1251,51.6514,-121.8766,20170721000000,0.080,770
1253,51.5960,-121.8316,20170721000000,0.400,771
1254,51.5728,-121.6947,20170721000000,0.060,772
1346,51.4055,-121.6595,20170725000000,1.400,773
1367,51.4018,-121.0593,20170726000000,40.900,774
3,51.9963,-123.1572,20170403000000,1.200,775
4,51.9366,-122.9876,20170403000000,0.009,776
7,52.0903,-123.2556,20170404000000,1.940,777
11,51.9370,-123.1421,20170406000000,8.700,778
14,51.9384,-123.0151,20170409000000,0.266,779
15,52.0113,-123.1633,20170409000000,0.400,780
17,51.9985,-123.1556,20170410000000,0.500,781
20,52.1001,-123.4028,20170411000000,0.840,782
34,51.9401,-123.0959,20170419000000,0.009,783